term,counts
covid 19,558275
19 vaccine,34045
19 vaccination,22538
19 pandemic,17298
19 cases,16255
06 2021,13883
19 vaccines,13649
2021 06,13474
covid19 vaccine,12316
delta variant,11618
appointments available,10834
19 di,10611
available cvs,10273
vaccination appointments,10166
cvs near,10036
covid19 coronavirus,9863
sign 2021,9838
new covid,9786
coronavirus covid19,9575
casos covid,9403
new cases,9340
kasus covid,8263
nuevos casos,8029
vaksinasi covid,7521
covid19 pandemic,7205
penyebaran covid,6825
june15coup whatshappeninginmyanmar,6500
get vaccinated,6474
unfetteredaccessforaids june15coup,6248
protokol kesehatan,6239
pa sign,6184
fully vaccinated,6175
coronavirus pandemic,6105
19 virus,5939
last year,5927
24 horas,5756
due covid,5754
da covid,5569
600 000,5539
19 restrictions,5175
health care,5066
covid19 cases,4917
vacunación covid,4917
sars cov,4867
vacuna covid,4842
public health,4815
copa américa,4742
vaccine doses,4676
últimas 24,4671
age limit,4671
cowin covid19,4606
2021 vaccine,4605
pin code,4600
covid19 pune,4600
dates available,4593
min age,4589
dose1 capacity,4588
vaccinepune cowin,4588
vaccine vaccinepune,4588
dose2 capacity,4588
whatshappeninginmyanmar june14coup,4554
variante delta,4506
tetap prokes,4455
vaksinasi1juta1haripolri perketat,4453
coronavirus cases,4352
get covid,4345
24 hours,4336
muslim ban,4294
coronavirus vaccine,4229
19 deaths,4183
dosis vacuna,4060
death toll,4039
june 2021,4030
whatshappeninginmyanmar june16coup,3897
suffering covid,3875
md sign,3852
virus whatshappeninginmyanmar,3824
people suffering,3791
active cases,3783
june16coup unfetteredaccessforaids,3758
myanmar people,3719
casos positivos,3716
min aung,3696
aung hlaing,3696
cruel min,3684
hlaing virus,3683
coronavirus covid,3679
vacunas covid,3645
third wave,3639
new york,3600
last 24,3514
positive covid,3507
virus cruel,3437
spread covid,3362
new coronavirus,3355
500 mil,3350
boris johnson,3342
perketat ppkm5m,3322
amp covid,3317
covid19 vaccines,3289
19 patients,3250
polriperketatppkmvaksin tetap,3216
casos coronavirus,3214
casos activos,3209
covid19 vaccination,3184
19 dan,3181
care need,3170
united states,3168
plan health,3154
need leaders,3145
sac plan,3144
need sac,3142
sac need,3140
justice unfetteredaccessforaids,3139
leaders justice,3138
limit 18,3114
pandemia covid19,3093
via youtube,3061
16 06,3041
whatshappeninginmyanmar jun15coup,3021
dose covid,3007
positif covid,2963
ban covid,2923
pandemia covid,2920
covid covid19,2917
pandemi covid,2912
lonjakan kasus,2900
cases covid,2894
19 em,2885
housedemocrats whitehouse,2879
18 06,2866
tested positive,2850
mencegah penyebaran,2844
wuhan lab,2840
covid19 corona,2840
penanganan covid,2832
19 06,2818
whatshappeninginmyanmar june17coup,2813
first dose,2812
coronavirus argentina,2807
covid19 covid_19,2800
lab leak,2784
keepingourpromiseact hr3548,2782
19 vaccinations,2761
contagios covid,2740
capacity dose2,2740
vaksin covid,2738
new covid19,2721
vacinação covid,2701
juni 2021,2669
17 06,2657
15 06,2634
nuevos contagios,2615
โคว ด19,2605
due covid19,2595
coronavirus restrictions,2591
vacina covid,2585
pandemia coronavirus,2584
virus covid,2569
muertes covid,2566
military dictatorship,2544
whatshappeninginmyanmar june18coup,2541
covid period,2532
dv2020 dv2021,2530
gt gt,2529
season amp,2527
need help,2524
period myanmar,2521
dictatorship unfetteredaccessforaids,2521
myanmar ppl,2521
raining season,2521
despite raining,2520
overthrow military,2519
ppl protest,2518
protest overthrow,2518
seek support,2514
covishield min,2498
vaccinated covid,2490
non sense,2485
segunda dosis,2483
abducted tortured,2480
terrorists myanmar,2480
brainless juntas,2479
amp terrorists,2479
tortured brainless,2479
juntas amp,2479
vaccination program,2478
myanmar non,2476
june18coup crimesagainsthumanity,2475
wisdoms abducted,2475
educated person,2475
person wisdoms,2474
second dose,2469
dv2021 housedemocrats,2469
sense whatshappeninginmyanmar,2469
june19coup whatshappeninginmyanmar,2466
support dv2017,2463
19 via,2443
slot available,2442
whitehouse supporthr3548,2437
18 45,2426
former head,2424
casos covid19,2407
safe people,2406
vacunación covid19,2406
untuk mencegah,2403
06 21,2381
45 dose1,2357
covid19 covid,2346
hopefully safe,2344
june17coup milkteaalliance,2339
people june19coup,2338
casos nuevos,2328
от covid,2321
da vacina,2266
milkha singh,2264
confirmed cases,2237
people died,2235
died covid,2233
18 dose1,2231
social distancing,2217
vacuna covid19,2216
junio 2021,2213
14 06,2212
mental health,2211
delta covid,2202
500 000,2194
long term,2193
june14coup endsexualviolence,2180
second wave,2176
pasien covid,2174
mortes covid,2156
dan tetap,2146
19 infections,2111
vaksinasi massal,2108
covishield covaxin,2107
19 variant,2103
primera dosis,2099
help please,2098
19 test,2097
positivity rate,2094
covaxin min,2091
disiplin protokol,2091
covid vaccine,2077
tetap disiplin,2075
di kabupaten,2075
casos confirmados,2073
head covid,2069
many people,2064
delta coronavirus,2063
06 16,2051
100 000,2049
june 15,2037
kesehatan untuk,2035
arrested former,2032
immediately stop,2031
junta arrested,2030
stop arresting,2026
impact covid,2024
arresting doctors,2023
releasethedetainees immediately,2022
accusations releasethedetainees,2020
doctors whatshappeninginmyanmar,2020
falsely accusations,2018
program falsely,2016
06 14,2005
19 dengan,1999
year all,1998
10 rs,1998
rs help,1995
help valuable,1995
due crisis,1995
8779893273 pmcaresfund,1994
retweetmy father,1994
father kidneys,1994
sources due,1994
crisis your,1994
all income,1994
dialysis last,1994
your 10,1994
fail dialysis,1994
valuable me,1994
gpay 8779893273,1994
kidneys fail,1994
pmcaresfund help,1994
income sources,1994
please retweetmy,1994
me gpay,1994
stay safe,1986
ministerio salud,1977
19 update,1977
coronavirus corona,1974
johnson amp,1971
side effects,1969
segera vaksinasi,1952
06 15,1949
vaccine slot,1933
19 outbreak,1928
prime minister,1918
rajasthan covid19,1917
06 18,1910
amp johnson,1908
coronavirus infections,1898
covaxin sputnikv,1895
dv2019 dv2020,1887
slot covishield,1880
06 2021min,1880
2021min age,1880
di indonesia,1870
wave covid,1867
people vaccinated,1861
june 18,1857
dv2018 dv2019,1855
dv2017 dv2018,1855
chris paul,1849
joko widodo,1843
positive cases,1838
positivos covid,1825
vacunas covid19,1817
19 death,1815
new deaths,1812
least one,1802
young people,1802
fake news,1793
million doses,1792
corona covid19,1788
fight covid,1780
total number,1778
nicolasmaduro cmdtegralgnb,1778
social care,1771
year old,1767
doses covid,1767
cegah penyebaran,1764
ayo segera,1764
di bulan,1751
06 17,1745
post covid,1744
cases covid19,1730
19 testing,1723
one dose,1723
06 19,1721
around world,1718
june 14,1717
positivo covid,1716
19 crisis,1713
covid cases,1713
june 16,1704
pfizer biontech,1704
contre covid,1690
get vaccine,1690
covid coronavirus,1690
da saúde,1679
health officials,1678
kabupaten kudus,1671
jun 2021,1666
闫丽梦 郭文贵,1662
wear mask,1661
19 meningkat,1654
novel coronavirus,1653
join us,1650
bannon drlimengyan1,1644
first time,1643
vaksin tetap,1641
need know,1631
mil mortes,1631
drlimengyan1 闫丽梦,1614
june 17,1614
help us,1600
19 impacts,1599
stay home,1592
age 18vaccine,1589
19 vaksinasi1juta1haripolri,1579
help covid19,1575
19 seperti,1572
covid_19 covid19,1571
news covid,1565
novos casos,1563
panglima tni,1558
covid19 lockdown,1556
please help,1555
cases deaths,1553
06 13,1553
introduced bill,1539
19 polriperketatppkmvaksin,1537
free covid19,1536
us covid,1531
vaccination drive,1530
bill seeks,1527
issued visas,1524
unable issued,1524
consular processing,1524
authorize issuance,1524
seeks authorize,1524
processing supporthr3548,1524
limiting consular,1524
visas eo13780,1523
eo13780 muslim,1523
impacts limiting,1523
selectees unable,1522
2021 selectees,1521
2017 2021,1520
pfizer moderna,1507
million covid,1503
2nd dose,1494
health ministry,1484
ดว คซ,1483
000 covid,1482
repritchie introduced,1481
dalam rangka,1479
yang terjadi,1479
thanks repritchie,1478
45 18,1478
india reports,1476
vaccination rates,1474
limit 45,1474
coronavirus modi,1472
mahdi nasser,1471
du masque,1471
fanb gnb,1466
cases reported,1464
south africa,1463
clases presenciales,1451
coronavirus vaccines,1449
last week,1442
19 case,1439
per cent,1438
19 response,1434
contagios coronavirus,1430
19 infection,1423
getting vaccinated,1418
please cosponsor,1416
visa immigrants,1408
19 brasil,1408
loved ones,1404
herd immunity,1401
good news,1396
19 delta,1396
corona coronavirus,1394
mengingatkan agar,1392
mewaspadai lonjakan,1391
agar mewaspadai,1388
19 yang,1385
covid19 covidvaccination,1382
fight covid19,1380
seperti yang,1380
gon na,1375
pacientes covid,1374
leak theory,1373
amid covid,1369
test positive,1368
spike protein,1368
19 lockdown,1367
hospitalized covid,1365
astrazeneca covid,1362
kapolri mengingatkan,1362
com covid,1361
mil mortos,1355
19 protocols,1352
restricted covid,1351
virus corona,1344
covid 19justice,1343
bring fairness,1343
thousands legal,1343
fairness thousands,1343
legal immigrants,1343
banned muslim,1342
ban restricted,1342
hr3548 bring,1342
immigrants banned,1341
million people,1340
contagios covid19,1340
capacity dates,1338
da pandemia,1335
vaccinated people,1335
people get,1334
live updates,1326
covid19 covidvaccine,1326
pela covid,1325
coronavirus variant,1325
49 años,1324
cmdtegralgnb conascmdte,1321
almost 100,1320
terjadi di,1319
breaking news,1317
40 49,1314
social media,1313
ramadan 1442,1309
19 coronavirus,1309
du covid,1305
study finds,1304
june14coup whatshappeninginmyanmar,1301
december 2019,1299
3rd wave,1298
ดว นน,1297
penyebaran virus,1294
19 related,1287
take covid,1285
kali lipat,1285
hari ini,1283
satgas covid,1281
000 people,1276
deaths last,1275
covidvaccination covid19,1271
airborne spread,1271
100 coronavirus,1270
getting covid,1263
ontario canada,1262
pcr test,1262
โคว ดว,1261
vaccination slot,1261
variant delta,1259
coronavirus aerosols,1255
operationbreathefreshcleanair enviroklenzairpurifiers,1255
captures almost,1253
19 nanofiber,1252
filter captures,1252
nanofiber filter,1252
aerosols transmissions,1252
listyo sigit,1252
transmissions operationbreathefreshcleanair,1252
sigit prabowo,1250
05 2021,1245
stopping airborne,1244
kudus yang,1243
19 situation,1242
dalam sepekan,1241
jaipur ipincode,1240
nuovi casi,1238
meningkat signifikan,1237
covidindia vaccination,1233
vacinas covid,1233
17 junio,1233
corona vaccine,1232
yang mana,1227
15 junio,1226
free covid,1226
vaccination cowin,1225
19 na,1225
vaccine covidindia,1223
19 variants,1220
available date,1220
2021 age,1219
cowin india,1218
vaccinated covid19,1217
make sure,1216
kapolri jenderal,1216
lipat dalam,1209
30 kali,1207
reino unido,1207
41 casos,1206
signifikan 30,1205
mana kasus,1205
ppkm mikro,1201
di bangkalan,1190
would mean,1189
19 terus,1185
via yahoo,1184
10 000,1184
vaccine covid19,1183
baru covid,1183
meminta agar,1181
di wilayah,1175
penularan covid,1173
jenderal polisi,1172
daily covid,1170
etiqueta día,1169
jornada vacunación,1168
state emergency,1167
ministry health,1165
19 shots,1164
คซ นโคว,1164
vacuna coronavirus,1164
looks like,1161
millones vacunas,1159
daily thanks,1158
limengyan covid19,1151
doses administered,1150
18 junio,1148
vacunas coronavirus,1146
lot folks,1145
nasser mohammed,1144
mean lot,1141
matterwe seek,1140
immigrants matterwe,1140
da covid19,1139
19 origins,1139
variant covid,1139
covid19 deaths,1138
please retweet,1137
19 amp,1136
सर लहर,1135
vaccine rollout,1135
joe biden,1134
cosponsor keepingourpromiseact,1133
folks restricted,1133
restricted muslim,1133
hr3548 would,1133
corona virus,1132
नए मल,1132
port du,1130
impfung covid19,1130
covid19 positive,1126
ee uu,1126
covid19 update,1125
please listen,1125
massal covid,1124
est pas,1124
19 tests,1123
qu il,1123
15 2021,1121
19 measuresdiversity,1120
measuresdiversity visa,1120
19 india,1119
vaccine covishieldin,1119
16 junio,1119
covid19 india,1116
argentina casos,1113
delta variante,1112
19 relief,1112
coronavirus live,1108
pmcvaccines covaxin,1108
fee free,1105
covid19 yanlimeng,1103
long covid,1103
urgent care,1102
says covid,1102
anti covid,1099
13 06,1097
paid 780date,1095
spread covid19,1094
task force,1093
19 updates,1091
total cases,1086
know covid,1086
stay strong,1083
nouveaux cas,1083
healthcare workers,1080
000 deaths,1079
conascmdte lopezvargasr,1078
care time,1074
care reform,1073
received least,1073
june16coup whatshappeninginmyanmar,1073
calling urgent,1072
cpi da,1072
care workers,1070
borisjohnson please,1070
guerra coronavirus,1067
não tem,1067
related deaths,1066
50 charities,1065
save lives,1064
reform coronavirus,1064
time rebuild,1064
14 junio,1064
frontline workers,1064
decimated social,1063
written calling,1063
fao borisjohnson,1063
listen 50,1062
ministério da,1062
coronavirus decimated,1061
charities written,1060
19 rules,1059
rebuild keepyourpromiseboris,1058
drug addiction,1058
supporthr3548 savediversityvisa,1056
following covid,1052
salud pública,1052
calamidadesde guerra,1045
infected covid,1045
passed away,1044
coronavirus guerra,1042
saat ini,1042
mohammed el,1042
buchen impfung,1041
hier buchen,1041
21 hier,1041
intensificarán calamidadesde,1040
died covid19,1040
guerra climática,1040
yosoyfanb nicolasmaduro,1038
march 2020,1037
郭文贵 班农,1037
medidas bioseguridad,1035
climática el,1035
wave covid19,1035
1442 dh03,1034
50 59,1034
el yamani21,1034
dh03 05,1034
yamani21 ramadan,1034
novavax covid,1033
coronavirus disease,1032
milhões doses,1031
19 one,1030
suu kyi,1028
19 melonjak,1027
menekan angka,1025
received first,1023
05 202112,1022
activos covid19,1020
wählbare tage,1020
across country,1019
supporthr3548 dv2021,1017
cdc director,1016
donald trump,1016
18vaccine covishielddose1,1014
covid deaths,1014
coronavirus covid_19,1014
deaths reported,1013
informe epidemiológico,1011
dosis vacunas,1011
covid19 virus,1010
san suu,1009
aung san,1009
percepatan penanganan,1007
plan vacunación,1006
班农 limengyan,1004
dr fauci,1004
coronavirus india,1003
health minister,1003
pfizer covid,1003
jon stewart,1001
get covid19,1001
june 21,999
june 13,998
diversity visas,998
issuance diversity,998
muertes coronavirus,998
first covid,998
hadi tjahjanto,997
department health,996
visas 2017,995
tni marsekal,994
contre covid19,992
healthy stay,991
buenos aires,989
india news,988
available 19,988
vaccine dose,987
21 06,985
post covid19,983
yanlimeng 亚裔歧视,981
covid19 amp,980
meninjau vaksinasi,978
imamal mahdi,976
whatshappeninginmyanmar releaseourstateleaders,976
19 personas,976
become dominant,975
leader daw,974
daw aung,974
varian baru,974
india covid19,973
el imamal,973
two weeks,972
stand leader,972
available 18,972
42 00,971
response covid,971
strong whatshappeninginmyanmar,971
亚裔歧视 ethnicity,970
mother healthy,969
202112 35p,969
wish mother,969
kyi wish,969
fallecidos covid,965
covid19 restrictions,964
alfonso cepeda,964
people covid,963
coronavirus update,962
20 06,960
covid_19 coronavirus,959
millones dosis,958
every day,956
1st dose,955
16 2021,955
19 shot,954
masque extérieur,954
next week,953
last night,952
mtro alfonso,951
cepeda salas,951
59 años,951
age 18,950
18 2021,948
coronavirus variants,948
india covid,947
administered 2021,946
14 2021,946
18 años,946
patuhi protokol,945
17 2021,945
safe effective,942
vaccination covid19,941
drs listyo,941
immune system,941
polisi drs,941
xbcagainstcovid19 vaccinessavelives,940
prabowo dan,939
vaccination covid,939
kasus positif,939
wearing mask,937
dan panglima,937
di jakarta,936
snte mtro,936
menangbersama lindungdirilindungsemua,935
19 symptoms,933
latest covid,932
ini dan,932
salas nosvemosenlaescuela,931
19 junio,930
travel restrictions,930
new study,930
vacunación coronavirus,928
19 jab,927
19 impact,927
coronavirus lockdown,927
covid19 patients,926
dki jakarta,926
fighting covid,925
two doses,925
dose da,924
tni hadi,921
são paulo,920
walk in,919
marsekal tni,915
tjahjanto meninjau,914
último informe,914
flying sikh,912
bringing total,911
got covid,908
couvre feu,908
aumento casos,906
ethnicity ccp,906
june 19,906
presiden joko,902
expert says,902
book covid,902
12 00,902
du covid19,901
covid vaccines,900
aujourd hui,900
di rumah,900
ri joko,899
presiden ri,899
wear masks,897
stop spread,897
rumah sakit,896
cakupan vaksinasi,896
pandemic covid19,896
hong kong,895
13 junio,895
vaksinasi harian,893
per day,892
bisa tercapai,892
high risk,892
times india,892
crash course,892
number covid,890
ด19 โคว,890
inicio pandemia,890
polriperketatppkm vaksin,889
cada vez,887
bulan juni,886
covid19 2019ncov,885
royal caribbean,884
90 effective,884
positive coronavirus,883
muertos covid,881
il bollettino,881
deaths covid,880
dengan prokes,879
agar vaksinasi,879
widodo meminta,878
juni ini,877
19 health,875
छल 24,874
human rights,874
covid19 โคว,874
700 ribu,873
juta di,872
prokes ketat,869
19 positive,869
first wave,869
varian delta,869
terus diakselerasi,869
dan juta,869
ribu di,869
coronavirus coronavirusupdate,868
bulan mendatang,867
harian 700,867
target cakupan,867
british airways,867
diakselerasi sehingga,866
sehingga target,866
mendatang bisa,866
19 complications,864
doses da,863
confirmed covid,862
19 melalui,861
secretaría salud,858
would like,858
re vaccinated,857
tercapai polriperketatppkm,852
people hospitalized,850
tests positive,848
19 lab,847
like covid,847
business family,845
cubaporlavida cubacoopera,843
sign petition,842
coronavirus outbreak,842
white house,840
johns hopkins,839
copa america,838
back normal,838
let us,838
heart inflammation,838
da população,835
climate change,834
variant coronavirus,831
health covid19,831
effects covid,830
sepekan vaksinasi1juta1haripolri,828
variant concern,827
het coronavirus,825
latest news,825
primeira dose,824
one day,824
angka penularan,824
restrictions lifted,824
thing common,822
24 hrs,822
top story,820
coronavirus delta,820
19 may,818
adultos mayores,818
19 us,817
upaya percepatan,817
due coronavirus,816
informe anterior,815
ministeriosalud 2021,814
positive covid19,812
digital covid,812
clinical trial,808
emergency use,807
coronavirus vaccination,807
última hora,807
según registros,806
communist party,806
past 24,806
número casos,805
well done,805
epidemiológico ministeriosalud,804
meio milhão,803
since start,802
penularan virus,802
19 país,802
registros base,802
base último,802
infections dropping,800
common cold,800
covid19 coronaviruspandemic,799
highly effective,799
get tested,797
2nd wave,797
19 través,795
américa latina,795
cases last,791
pencegahan penyebaran,790
wash hands,790
vaccine clinic,787
americans died,786
000 americans,786
covid19 covid19india,784
moderna covid,784
新型コロナウイルス covid19,783
19 covid19,783
india coronavirus,780
getting vaccine,779
fin semana,779
19 aşısı,778
contagio covid19,777
blood clots,777
delta plus,777
15 months,776
00 00,776
menghambat penyebaran,776
19 belum,776
coronavirus deaths,776
cubacoopera eliminaelbloqueo,774
virus covid19,774
risk covid,774
new infections,773
personas 40,772
dropping people,771
covid19 vax,771
juin 2021,771
health safety,770
